Дата,Област,Град,Тип престъпление,Описание
2025-03-22,Варна,Варна,Убийство,35-годишен мъж убит с нож след скандал в жилищен блок.
2025-04-07,Бургас,Айтос,Опит за убийство,Жена наръгала съпруга си след домашен спор.
2025-04-19,Пловдив,Пловдив,Убийство,Тяло на мъж открито в изоставен автомобил.
2025-05-05,Варна,Девня,Убийство,Мъж убил съсед заради междусъседски конфликт.
2025-06-01,Бургас,Несебър,Убийство,Открито тяло на жена на плажа – разследването продължава.
